City_ID,City,Country,Lat,Lng,Max Temp,Humidity,Cloudiness,Wind Speed,Current Description
0,Rawson,AR,-43.3002,-65.1023,61.11,62,98,16.06,overcast clouds
1,Saskylakh,RU,71.9167,114.0833,-23.62,94,10,8.5,clear sky
2,Carahue,CL,-38.7,-73.1667,66.4,46,11,8.99,few clouds
3,Kahului,US,20.8947,-156.47,76.84,83,1,11.5,clear sky
4,Katsuura,JP,35.1333,140.3,60.82,73,98,24.34,light rain
5,Sawtell,AU,-30.3833,153.1,67.19,96,90,5.75,moderate rain
6,Atuona,PF,-9.8,-139.0333,78.06,78,15,14.43,light rain
7,Ushtobe,KZ,45.2514,77.9838,27.88,73,30,5.64,scattered clouds
8,Mar Del Plata,AR,-38.0023,-57.5575,84.22,55,0,13.0,clear sky
9,Kashi,CN,39.4547,75.9797,29.41,54,18,4.47,few clouds
10,Tomatlan,MX,19.9333,-105.25,87.49,39,0,1.21,clear sky
11,Rikitea,PF,-23.1203,-134.9692,72.84,67,3,7.94,clear sky
12,Kapaa,US,22.0752,-159.319,70.2,59,17,8.77,few clouds
13,Bluff,NZ,-46.6,168.3333,51.66,83,100,9.31,overcast clouds
14,Salalah,OM,17.0151,54.0924,77.25,63,100,1.86,overcast clouds
15,Aklavik,CA,68.2191,-135.0107,-8.57,84,20,4.61,few clouds
16,Iisalmi,FI,63.5592,27.1907,23.02,58,33,12.46,scattered clouds
17,Ushuaia,AR,-54.8,-68.3,38.86,81,75,25.32,sleet
18,Muroto,JP,33.2833,134.15,66.78,73,85,5.12,overcast clouds
19,Mahebourg,MU,-20.4081,57.7,77.29,73,20,3.44,light rain
20,Busselton,AU,-33.65,115.3333,61.05,92,93,8.75,overcast clouds
21,Ponta Do Sol,PT,32.6667,-17.1,67.01,83,100,13.09,overcast clouds
22,Dingle,PH,10.9995,122.6711,76.86,91,20,4.47,few clouds
23,Mataura,NZ,-46.1927,168.8643,49.68,99,100,2.42,overcast clouds
24,Hermanus,ZA,-34.4187,19.2345,72.9,80,69,17.96,light rain
25,Christchurch,NZ,-43.5333,172.6333,55.0,87,90,5.99,overcast clouds
26,Vaini,TO,-21.2,-175.2,73.56,94,20,0.0,few clouds
27,Kiruna,SE,67.8557,20.2251,18.52,73,51,11.5,broken clouds
28,Kinshasa,CD,-4.3246,15.3215,75.58,89,98,4.34,moderate rain
29,Kodiak,US,57.79,-152.4072,23.59,70,25,5.5,scattered clouds
30,Itarema,BR,-2.9248,-39.9167,88.79,52,27,16.42,scattered clouds
31,Cherskiy,RU,68.75,161.3,-29.25,100,96,4.0,overcast clouds
32,Chokurdakh,RU,70.6333,147.9167,-14.35,100,94,1.86,overcast clouds
33,Bredasdorp,ZA,-34.5322,20.0403,63.28,82,88,16.96,light rain
34,Vestmanna,FO,62.1564,-7.1664,41.92,75,90,16.11,overcast clouds
35,Luderitz,NA,-26.6481,15.1594,64.17,72,0,16.37,clear sky
36,Havoysund,NO,70.9963,24.6622,25.68,62,100,23.02,light snow
37,Husavik,IS,66.0449,-17.3389,49.91,88,91,12.12,overcast clouds
38,Shelburne,CA,44.0787,-80.2041,41.45,88,72,12.26,broken clouds
39,Port Said,EG,31.2565,32.2841,66.18,77,0,8.05,clear sky
40,Quelimane,MZ,-17.8786,36.8883,82.35,78,40,13.0,scattered clouds
41,Kildinstroy,RU,68.8049,33.1,23.31,100,75,4.47,light shower snow
42,Sitka,US,57.0531,-135.33,46.29,76,90,29.93,light rain
43,Katherine,AU,-14.4667,132.2667,84.52,70,77,8.05,broken clouds
44,Port Alfred,ZA,-33.5906,26.891,68.9,84,77,30.67,broken clouds
45,Puerto Ayora,EC,-0.7393,-90.3518,76.96,73,71,10.89,broken clouds
46,Saldanha,ZA,-33.0117,17.9442,78.85,79,8,20.69,clear sky
47,Tuktoyaktuk,CA,69.4541,-133.0374,-14.8,76,1,2.3,clear sky
48,Tautira,PF,-17.7333,-149.15,78.82,66,48,8.14,scattered clouds
49,Butaritari,KI,3.0707,172.7902,80.33,80,69,9.17,light rain
50,Brigantine,US,39.4101,-74.3646,55.45,72,93,8.9,overcast clouds
51,Saint-Philippe,RE,-21.3585,55.7679,76.59,74,40,7.25,scattered clouds
52,Arlit,NE,18.7369,7.3853,87.33,12,10,8.68,clear sky
53,Albany,US,42.6001,-73.9662,50.81,57,83,4.0,broken clouds
54,Belen,TR,36.4891,36.2233,52.65,63,11,3.58,few clouds
55,Arman,RU,59.7,150.1667,11.75,77,100,9.69,overcast clouds
56,Sistranda,NO,63.7256,8.834,36.9,62,97,13.2,light snow
57,Dikson,RU,73.5069,80.5464,-7.82,73,15,14.14,few clouds
58,Punta Arenas,CL,-53.15,-70.9167,46.51,49,75,21.85,broken clouds
59,Aleksandrov Gay,RU,50.147,48.5704,36.25,76,36,15.99,scattered clouds
60,Namibe,AO,-15.1961,12.1522,74.03,68,20,11.5,few clouds
61,Qaanaaq,GL,77.484,-69.3632,-7.98,64,10,7.25,clear sky
62,Jamestown,US,42.097,-79.2353,46.51,57,20,7.0,few clouds
63,Adeje,ES,28.1227,-16.726,72.01,65,20,1.01,few clouds
64,Xam Nua,LA,20.4197,104.0439,62.42,100,29,2.37,scattered clouds
65,Pisco,PE,-13.7,-76.2167,69.85,73,40,6.91,scattered clouds
66,Cidreira,BR,-30.1811,-50.2056,75.16,58,0,9.53,clear sky
67,Yar-Sale,RU,66.8333,70.8333,13.96,95,100,13.67,overcast clouds
68,Bonavista,CA,48.6499,-53.1147,36.12,58,50,12.91,scattered clouds
69,Koslan,RU,63.4564,48.8989,22.86,98,100,1.28,light snow
70,Berlevag,NO,70.8578,29.0864,26.4,48,100,15.08,overcast clouds
71,Yellowknife,CA,62.456,-114.3525,-0.58,84,75,9.22,light snow
72,Devils Lake,US,48.1128,-98.8651,14.95,67,1,11.99,clear sky
73,La Ronge,CA,55.1001,-105.2842,1.65,71,75,3.44,broken clouds
74,Zhigalovo,RU,54.8097,105.1578,8.08,82,100,2.59,overcast clouds
75,Ilulissat,GL,69.2167,-51.1,16.43,94,99,4.36,overcast clouds
76,Tiksi,RU,71.6872,128.8694,-18.42,99,99,5.41,overcast clouds
77,Talnakh,RU,69.4865,88.3972,-20.97,85,11,8.68,few clouds
78,Tucumcari,US,35.1717,-103.725,53.94,30,100,19.28,overcast clouds
79,Porto Velho,BR,-8.7619,-63.9039,89.65,58,40,3.44,scattered clouds
80,Kupino,RU,54.3663,77.2981,20.59,84,100,11.43,overcast clouds
81,Merauke,ID,-8.4667,140.3333,78.67,89,18,8.23,few clouds
82,Biak,ID,-0.9131,122.8766,76.59,84,79,2.1,broken clouds
83,Acarau,BR,-2.8856,-40.12,89.13,53,20,18.57,few clouds
84,Guanica,PR,17.9716,-66.908,88.21,67,43,11.01,scattered clouds
85,Zinder,NE,13.8072,8.9881,96.76,13,0,2.3,clear sky
86,The Valley,AI,18.217,-63.0578,85.1,65,40,14.97,scattered clouds
87,Urumqi,CN,43.801,87.6005,14.95,79,3,2.24,clear sky
88,Cordoba,AR,-31.4135,-64.1811,94.05,26,0,11.5,clear sky
89,Hami,CN,42.8,93.45,26.42,46,0,2.46,clear sky
90,Praia Da Vitoria,PT,38.7333,-27.0667,62.85,94,75,29.97,broken clouds
91,Leh,IN,34.1667,77.5833,17.74,60,0,3.04,clear sky
92,Kajaani,FI,64.2273,27.7285,23.05,74,90,17.27,overcast clouds
93,Kaitangata,NZ,-46.2817,169.8464,50.99,95,100,5.59,overcast clouds
94,Caravelas,BR,-17.7125,-39.2481,72.18,93,100,11.68,overcast clouds
95,Tazmalt,DZ,36.3868,4.3989,59.31,74,62,6.08,broken clouds
96,Barrow,US,71.2906,-156.7887,-7.58,84,20,12.66,haze
97,Avarua,CK,-21.2078,-159.775,73.45,88,75,2.3,broken clouds
98,Moron,AR,-34.6534,-58.6198,97.97,26,0,11.01,clear sky
99,Lebu,CL,-37.6167,-73.65,61.34,74,1,18.05,clear sky
100,Carnarvon,AU,-24.8667,113.6333,68.07,68,75,13.8,broken clouds
101,Klaksvik,FO,62.2266,-6.589,43.72,80,100,23.98,overcast clouds
102,Sao Joao Da Barra,BR,-21.6403,-41.0511,77.09,64,72,14.14,broken clouds
103,San Patricio,US,28.017,-97.5169,82.92,60,14,9.95,few clouds
104,Saint-Augustin,CA,51.226,-58.6502,35.01,67,85,9.91,overcast clouds
105,Neiafu,TO,-18.65,-173.9833,72.28,94,20,0.0,few clouds
106,Hilo,US,19.7297,-155.09,72.81,98,100,4.61,overcast clouds
107,Olafsvik,IS,64.8945,-23.7142,43.09,86,100,20.13,overcast clouds
108,Half Moon Bay,US,37.4636,-122.4286,60.78,56,8,23.02,clear sky
109,Mandera,KE,3.9366,41.867,91.38,27,40,5.14,scattered clouds
110,Cassilandia,BR,-19.1133,-51.7342,81.91,65,98,5.91,overcast clouds
111,Mulki,IN,13.1,74.8,76.28,94,75,0.0,mist
112,Abu Dhabi,AE,24.4667,54.3667,80.71,71,0,4.61,clear sky
113,Patnanungan,PH,14.7833,122.1833,80.78,82,37,4.5,scattered clouds
114,Catuday,PH,16.2923,119.8062,79.39,80,63,3.65,broken clouds
115,Castro,BR,-24.7911,-50.0119,78.71,37,23,4.54,few clouds
116,Zadar,HR,44.1197,15.2422,57.65,100,0,2.3,clear sky
117,Longyearbyen,SJ,78.2186,15.6401,4.84,72,40,8.05,scattered clouds
118,Lexington Park,US,38.2668,-76.4538,55.94,62,40,1.99,scattered clouds
119,Ukiah,US,39.1502,-123.2078,59.63,53,0,2.8,clear sky
120,Kholodnyy,RU,62.7167,147.95,-3.1,97,100,4.16,overcast clouds
121,Chuy,UY,-33.6971,-53.4616,88.36,35,0,10.4,clear sky
122,Srednekolymsk,RU,67.45,153.6833,-15.97,99,97,0.2,overcast clouds
123,Carbonear,CA,47.7332,-53.2148,36.63,52,11,9.6,few clouds
124,Salinopolis,BR,-0.6136,-47.3561,84.69,70,43,11.27,scattered clouds
125,Geraldton,AU,-28.7667,114.6,65.12,77,30,6.91,scattered clouds
126,Saintes,FR,45.6667,-0.75,46.15,79,100,4.59,overcast clouds
127,Liku,ID,-0.7275,119.8922,75.52,91,93,2.21,overcast clouds
128,Narasannapeta,IN,18.4167,84.05,77.85,88,10,3.13,clear sky
129,Nabire,ID,-3.3667,135.4833,75.76,91,100,2.39,overcast clouds
130,Nikolskoye,RU,59.7035,30.7861,32.88,86,80,8.75,light snow
131,Berbera,SO,10.4396,45.0143,82.33,64,72,8.61,broken clouds
132,Garden City,US,42.3256,-83.331,42.82,84,90,4.0,light rain
133,Balkanabat,TM,39.5108,54.3671,55.04,63,29,5.26,scattered clouds
134,Kavaratti,IN,10.5669,72.642,81.73,72,23,10.89,few clouds
135,Sao Caetano De Odivelas,BR,-0.75,-48.02,83.89,75,40,7.36,scattered clouds
136,Georgetown,MY,5.4112,100.3354,79.95,91,40,0.0,scattered clouds
137,Karaton,ID,-6.3424,106.1045,83.95,93,90,3.62,overcast clouds
138,Faanui,PF,-16.4833,-151.75,80.01,65,62,11.54,broken clouds
139,Bethel,US,41.3712,-73.414,53.38,55,98,1.99,overcast clouds
140,Jaciara,BR,-15.9653,-54.9683,87.37,60,47,5.08,scattered clouds
141,Kurmanayevka,RU,52.5093,52.0675,33.06,88,98,17.29,overcast clouds
142,Torbay,CA,47.6666,-52.7314,35.76,65,75,11.5,broken clouds
143,Sumbe,AO,-11.2061,13.8437,78.3,81,71,7.18,broken clouds
144,East London,ZA,-33.0153,27.9116,70.74,83,75,19.57,light rain
145,Dong Hoi,VN,17.4833,106.6,76.01,90,35,1.79,scattered clouds
146,Port Lincoln,AU,-34.7333,135.8667,55.92,81,91,13.71,overcast clouds
147,Tasiilaq,GL,65.6145,-37.6368,26.37,94,100,3.74,light snow
148,Thompson,CA,55.7435,-97.8558,3.36,72,20,18.41,few clouds
149,Tateyama,JP,34.9833,139.8667,60.73,94,75,4.61,shower rain
150,Opuwo,NA,-18.0607,13.84,82.72,15,5,18.25,clear sky
151,Bayir,TR,37.2687,28.2167,50.52,56,0,2.93,clear sky
152,Southbridge,US,42.0751,-72.0334,52.41,58,89,1.99,overcast clouds
153,Corumba,BR,-19.0092,-57.6533,93.11,46,40,10.36,scattered clouds
154,Monopoli,IT,40.9559,17.2896,60.64,82,0,11.79,clear sky
155,Praia,CV,14.9215,-23.5087,86.54,51,0,20.71,clear sky
156,Portland,US,45.5234,-122.6762,44.6,91,90,3.0,fog
157,Sabaudia,IT,41.3003,13.0282,60.15,88,99,5.53,overcast clouds
158,Omsukchan,RU,62.5333,155.8,-17.03,100,99,3.96,overcast clouds
159,Kemijarvi,FI,66.7131,27.4306,19.44,79,88,9.69,overcast clouds
160,Munirabad,IN,15.3333,76.3333,75.78,81,100,4.16,overcast clouds
161,Revda,RU,56.801,59.9303,23.81,88,98,9.69,overcast clouds
162,Zmeinogorsk,RU,51.1567,82.195,18.34,74,100,8.34,overcast clouds
163,Rock Springs,US,41.5875,-109.2029,32.23,66,18,1.01,few clouds
164,Afaahiti,PF,-17.75,-149.2833,76.87,66,72,8.63,broken clouds
165,Asau,RO,46.4333,26.4,47.95,56,38,6.13,scattered clouds
166,North Bend,US,43.4065,-124.2243,44.85,64,63,6.62,broken clouds
167,Takoradi,GH,4.8845,-1.7554,82.85,75,25,7.63,scattered clouds
168,Wanning,CN,18.8003,110.3967,75.63,90,8,2.89,clear sky
169,Ostersund,SE,63.1792,14.6357,25.25,93,20,6.91,few clouds
170,Lasa,IT,46.6166,10.7002,45.34,84,42,1.14,scattered clouds
171,Elat,IL,29.5581,34.9482,69.64,64,40,13.8,haze
172,Hobart,AU,-42.8794,147.3294,53.46,88,90,4.61,overcast clouds
173,Yurginskoye,RU,56.8189,67.3921,23.09,94,100,14.23,light snow
174,Lujan,AR,-34.5703,-59.105,97.99,26,0,4.0,clear sky
175,Khatanga,RU,71.9667,102.5,-37.19,97,27,4.47,scattered clouds
176,Saurimo,AO,-9.6608,20.3916,74.25,58,36,2.75,scattered clouds
177,Huilong,CN,31.8111,121.655,53.92,53,100,23.73,moderate rain
178,Ratnagiri,IN,16.9833,73.3,78.75,85,100,6.96,overcast clouds
179,Karwar,IN,14.8,74.1333,77.68,87,84,5.28,broken clouds
180,Belmonte,BR,-15.8631,-38.8828,84.2,75,74,7.67,broken clouds
181,Paamiut,GL,61.994,-49.6678,24.66,88,84,2.71,broken clouds
182,Maniitsoq,GL,65.4167,-52.9,27.72,92,100,5.14,light snow
183,Haines Junction,CA,60.7522,-137.5108,-5.85,77,100,2.3,light snow
184,Bathsheba,BB,13.2167,-59.5167,86.61,62,20,14.97,few clouds
185,Tuatapere,NZ,-46.1333,167.6833,50.45,95,100,2.26,overcast clouds
186,Camabatela,AO,-8.1881,15.375,64.99,95,95,3.62,light rain
187,Kjopsvik,NO,68.097,16.3742,32.16,88,97,2.62,light snow
188,Ribeira Grande,PT,38.5167,-28.7,66.6,72,75,25.32,broken clouds
189,Hithadhoo,MV,-0.6,73.0833,80.89,78,100,11.36,overcast clouds
190,Arraial Do Cabo,BR,-22.9661,-42.0278,75.16,53,40,13.8,scattered clouds
191,Bereda,ES,43.2686,-7.5406,52.41,97,57,4.36,broken clouds
192,Constitucion,CL,-35.3333,-72.4167,66.92,60,11,9.75,few clouds
193,Vila Velha,BR,-20.3297,-40.2925,71.55,92,75,11.01,broken clouds
194,Shagonar,RU,51.5333,92.8,0.12,98,100,2.86,overcast clouds
195,Odesskoye,RU,54.2111,72.9651,18.41,89,97,13.62,overcast clouds
196,Tayirove,UA,46.3631,30.6489,48.51,93,0,7.0,clear sky
197,Lavrentiya,RU,65.5833,-171.0,1.09,89,18,8.59,few clouds
198,Jiaonan,CN,35.8786,119.9753,39.22,45,55,22.55,broken clouds
199,Prince Rupert,CA,54.3161,-130.3201,47.89,76,90,21.85,moderate rain
200,Gararu,BR,-9.9675,-37.0833,98.01,33,38,16.28,scattered clouds
201,Graham,US,47.0529,-122.2943,40.57,97,75,0.0,light intensity drizzle
202,Tevaitoa,PF,-16.7833,-151.5,79.56,65,57,12.35,broken clouds
203,Yarada,IN,17.65,83.2667,80.11,85,12,5.35,few clouds
204,Bengkulu,ID,-3.8004,102.2655,77.34,86,100,2.3,heavy intensity rain
205,Canon City,US,38.441,-105.2424,48.4,37,1,5.99,clear sky
206,Nemuro,JP,43.3236,145.575,39.56,64,46,2.93,scattered clouds
207,Snyder,US,32.7179,-100.9176,58.08,43,1,11.5,clear sky
208,Bikaner,IN,28.0167,73.3,70.74,17,0,5.37,clear sky
209,Ruidoso,US,33.3317,-105.673,48.06,42,1,11.5,clear sky
210,Havre-Saint-Pierre,CA,50.2334,-63.5986,37.76,60,90,10.36,overcast clouds
211,Novopokrovka,UA,49.8425,36.5477,44.98,74,100,15.88,overcast clouds
212,Severo-Kurilsk,RU,50.6789,156.125,37.58,95,100,10.58,light rain
213,Souillac,MU,-20.5167,57.5167,77.38,73,20,3.44,few clouds
214,Coquimbo,CL,-29.9533,-71.3436,62.33,77,40,13.8,scattered clouds
215,Clyde River,CA,70.4692,-68.5914,-5.57,84,96,4.61,overcast clouds
216,Venado Tuerto,AR,-33.7456,-61.9688,93.78,18,0,12.66,clear sky
217,Vanimo,PG,-2.6741,141.3028,78.1,87,100,2.53,overcast clouds
218,Hambantota,LK,6.1241,81.1185,76.91,79,71,9.06,broken clouds
219,Namatanai,PG,-3.6667,152.4333,79.07,83,79,5.66,light rain
220,Kavieng,PG,-2.5744,150.7967,82.51,72,89,11.54,overcast clouds
221,Taseyevo,RU,57.2169,94.8978,14.65,97,100,3.36,overcast clouds
222,Cape Town,ZA,-33.9258,18.4232,75.61,66,20,23.02,few clouds
223,Ahipara,NZ,-35.1667,173.1667,61.57,96,100,3.2,light rain
224,Virden,US,39.5009,-89.7679,53.49,82,100,5.68,overcast clouds
225,Fortuna,US,40.5982,-124.1573,47.32,87,1,11.5,clear sky
226,Narsaq,GL,60.9167,-46.05,32.95,99,100,7.2,light snow
227,Vardo,NO,70.3705,31.1107,28.38,69,40,25.32,light snow
228,Sabang,ID,5.8933,95.3214,81.03,80,82,13.06,broken clouds
229,Mount Gambier,AU,-37.8333,140.7667,46.31,93,22,4.61,few clouds
230,Porosozero,RU,62.7191,32.727,24.04,84,100,11.56,overcast clouds
231,Jertih,MY,5.7336,102.4897,75.81,93,50,2.84,scattered clouds
232,Camacha,PT,33.0833,-16.3333,63.82,72,40,14.97,scattered clouds
233,Pevek,RU,69.7008,170.3133,-17.91,99,26,4.81,scattered clouds
234,Kysyl-Syr,RU,63.8986,122.7617,-25.96,100,83,2.53,broken clouds
235,Kitui,KE,-1.367,38.0106,67.82,80,89,5.06,light rain
236,Matagami,CA,49.7502,-77.6328,33.91,86,75,12.66,broken clouds
237,Alto Araguaia,BR,-17.3147,-53.2153,84.22,60,76,3.85,broken clouds
238,Victoria,HK,22.2855,114.1577,74.32,89,4,1.01,clear sky
239,Brae,GB,60.3964,-1.353,40.91,76,87,14.25,overcast clouds
240,Pizhma,RU,57.8642,47.1171,27.3,95,99,8.72,light snow
241,Itaituba,BR,-4.2761,-55.9836,95.25,41,57,3.04,broken clouds
242,Mezen,RU,65.8522,44.24,7.47,100,97,3.0,overcast clouds
243,Borogontsy,RU,62.6683,131.1683,-28.79,100,50,1.99,scattered clouds
244,Vallenar,CL,-28.5708,-70.7581,86.16,16,57,9.6,broken clouds
245,Grindavik,IS,63.8424,-22.4338,43.27,75,90,24.16,overcast clouds
246,Liverpool,GB,53.4106,-2.9779,44.67,73,0,3.0,clear sky
247,Komsomolskiy,UZ,40.4272,71.7189,36.82,55,52,4.61,haze
248,Ancud,CL,-41.8697,-73.8203,61.43,86,100,11.27,overcast clouds
249,Le Creusot,FR,46.8071,4.4163,37.74,89,100,2.59,overcast clouds
250,Orleans,US,30.0335,-89.9501,77.05,73,75,6.91,broken clouds
251,Jiuquan,CN,39.7432,98.5174,24.64,41,0,3.94,clear sky
252,Broken Hill,AU,-31.95,141.4333,59.58,41,0,13.6,clear sky
253,Port Elizabeth,ZA,-33.918,25.5701,71.1,85,81,24.23,broken clouds
254,Brookfield,US,43.0606,-88.1065,49.51,57,1,5.01,clear sky
255,Meulaboh,ID,4.1363,96.1285,75.6,91,100,3.6,overcast clouds
256,Touros,BR,-5.1989,-35.4608,86.9,55,5,14.52,clear sky
257,Dunedin,NZ,-45.8742,170.5036,52.16,92,100,8.7,overcast clouds
258,Foam Lake,CA,51.65,-103.5343,0.21,95,82,7.63,broken clouds
259,San Ignacio,BZ,17.1561,-89.0714,78.91,84,65,2.62,broken clouds
260,Presidencia Roque Saenz Pena,AR,-26.7852,-60.4388,92.19,23,25,4.41,scattered clouds
261,Ocher,RU,57.8904,54.7202,27.48,94,100,11.25,light snow
262,Ambilobe,MG,-13.2,49.05,78.64,73,100,2.04,light rain
263,Oussouye,SN,12.485,-16.5469,95.5,26,45,3.2,scattered clouds
264,Ilinskiy,RU,55.619,38.1182,35.53,93,75,4.47,light shower snow
265,Lithgow,AU,-33.4833,150.15,48.47,98,100,11.32,light rain
266,Anadyr,RU,64.75,177.4833,-20.92,95,18,6.26,few clouds
267,Pangnirtung,CA,66.1451,-65.7125,1.81,92,67,6.2,broken clouds
268,Esperance,AU,-33.8667,121.9,66.09,82,96,17.34,overcast clouds
269,Pozoblanco,ES,38.3791,-4.8483,54.18,86,78,3.2,broken clouds
270,College,US,64.8569,-147.8028,-18.35,74,5,1.81,clear sky
271,Zalantun,CN,48.0,122.7167,14.85,88,100,10.94,overcast clouds
272,Pucallpa,PE,-8.3791,-74.5539,95.95,37,73,1.57,broken clouds
273,New Norfolk,AU,-42.7826,147.0587,53.1,71,94,1.01,overcast clouds
274,Abalak,RU,58.1286,68.5944,23.22,81,100,12.17,overcast clouds
275,Xuddur,SO,4.1213,43.8894,81.34,33,66,9.95,broken clouds
276,Kasamwa,TZ,-2.85,32.4333,73.78,64,99,7.96,overcast clouds
277,Alcaniz,ES,41.05,-0.1333,57.74,60,94,9.91,overcast clouds
278,Porto Franco,BR,-6.3383,-47.3992,91.63,47,69,4.52,broken clouds
279,Ibotirama,BR,-12.1853,-43.2206,96.69,30,50,2.06,scattered clouds
280,Phalaborwa,ZA,-23.943,31.1411,65.48,95,100,6.62,moderate rain
281,Ranong,TH,9.9658,98.6348,78.1,88,28,3.42,scattered clouds
282,Hue,VN,16.4667,107.6,75.31,94,20,2.3,few clouds
283,Pontes E Lacerda,BR,-15.2261,-59.3353,85.05,63,89,1.72,overcast clouds
284,Norman Wells,CA,65.282,-126.8329,-14.76,76,20,4.61,few clouds
285,San Alberto,CO,7.7611,-73.3922,83.57,76,92,4.54,overcast clouds
286,Sao Filipe,CV,14.8961,-24.4956,81.1,67,100,6.4,overcast clouds
287,Leningradskiy,RU,69.3833,178.4167,-14.31,97,35,3.65,scattered clouds
288,Copiapo,CL,-27.3667,-70.3333,83.98,20,82,9.06,broken clouds
289,Chiradzulu,MW,-15.6746,35.1407,76.73,48,74,7.72,broken clouds
290,Sobolevo,RU,54.4299,31.8996,41.31,89,100,13.65,overcast clouds
291,Kutum,SD,14.2,24.6667,71.35,20,12,9.46,few clouds
292,Eureka,US,40.8021,-124.1637,54.21,43,5,3.89,clear sky
293,Alofi,NU,-19.0595,-169.9187,78.24,81,18,10.85,light rain
294,Jasper,US,37.2001,-94.3502,56.53,55,1,5.01,clear sky
295,Umm Lajj,SA,25.0213,37.2685,74.57,43,2,8.68,clear sky
296,Zihuatanejo,MX,17.6333,-101.55,86.09,66,1,0.0,clear sky
297,Bonthe,SL,7.5264,-12.505,83.73,72,31,9.82,light rain
298,Shingu,JP,33.7333,135.9833,57.4,90,77,3.78,broken clouds
299,Bennettsville,US,34.6174,-79.6848,67.87,55,1,1.01,clear sky
300,Upernavik,GL,72.7868,-56.1549,11.19,76,98,4.97,overcast clouds
301,Lorengau,PG,-2.0226,147.2712,81.72,75,65,2.82,broken clouds
302,Nimes,FR,43.8333,4.35,53.2,87,0,1.14,clear sky
303,Tocopilla,CL,-22.092,-70.1979,71.65,58,73,8.25,broken clouds
304,Nhulunbuy,AU,-12.2333,136.7667,79.41,89,40,2.3,scattered clouds
305,Bambous Virieux,MU,-20.3428,57.7575,77.22,74,1,9.1,light rain
306,Korla,CN,41.7597,86.1469,28.65,45,0,4.27,clear sky
307,Saint-Francois,FR,46.4154,3.9054,42.48,99,90,5.75,mist
308,Iqaluit,CA,63.7506,-68.5145,11.93,85,90,2.3,light snow
309,Skibbereen,IE,51.55,-9.2667,44.4,71,4,13.49,clear sky
310,Devonport,AU,-41.1667,146.35,47.01,91,75,3.8,broken clouds
311,Waingapu,ID,-9.6567,120.2641,81.25,77,85,1.21,overcast clouds
312,Sijunjung,ID,-0.6876,100.9537,73.81,96,99,1.88,overcast clouds
313,Pauini,BR,-7.7136,-66.9764,90.21,51,99,2.71,overcast clouds
314,Provideniya,RU,64.3833,-173.3,3.52,86,14,7.2,few clouds
315,Baicheng,CN,45.6167,122.8167,17.35,92,100,14.52,light snow
316,Kovdor,RU,67.5662,30.4758,17.98,86,88,11.45,overcast clouds
317,Lompoc,US,34.6391,-120.4579,71.92,62,1,5.75,clear sky
318,Jardim,BR,-21.4803,-56.1381,95.49,34,51,2.64,broken clouds
319,Sironj,IN,24.1,77.7,70.92,50,1,5.79,clear sky
320,Kampene,CD,-3.6,26.6667,70.29,97,100,1.16,overcast clouds
321,Makakilo City,US,21.3469,-158.0858,74.28,77,1,4.61,clear sky
322,Aranos,NA,-24.1333,19.1167,87.31,7,17,27.36,few clouds
323,Rocha,UY,-34.4833,-54.3333,92.37,27,1,13.42,clear sky
324,Goderich,CA,43.7501,-81.7165,42.91,75,96,18.07,overcast clouds
325,Kudahuvadhoo,MV,2.6708,72.8944,81.41,78,81,13.69,broken clouds
326,Lufilufi,WS,-13.8745,-171.5986,81.16,80,60,14.97,light rain
327,Padang,ID,-0.9492,100.3543,75.25,83,99,2.89,overcast clouds
328,Auki,SB,-8.7676,160.7034,76.08,81,78,3.78,broken clouds
329,Belaya Gora,RU,68.5333,146.4167,-18.04,100,90,1.43,overcast clouds
330,Nizwa,OM,22.9333,57.5333,74.46,35,9,3.15,clear sky
331,Saint-Jean-Port-Joli,CA,47.2171,-70.2658,40.87,79,100,17.09,overcast clouds
332,Ambon,ID,-3.6954,128.1814,82.09,77,100,4.32,overcast clouds
333,Westport,US,41.1415,-73.3579,54.99,61,99,1.01,overcast clouds
334,Daru,PG,-9.0763,143.2092,80.06,87,54,11.9,broken clouds
335,Lebyazhye,RU,55.2689,66.4947,23.95,94,100,17.52,light snow
336,Oak Ridge,US,36.0104,-84.2696,57.11,65,90,3.44,overcast clouds
337,Bowen,AU,-20.0167,148.2333,76.32,72,22,8.84,few clouds
338,Atar,MR,20.5169,-13.0499,94.5,14,99,8.05,overcast clouds
339,Tiznit,MA,29.5833,-9.5,66.7,51,1,7.14,clear sky
340,Bandar-E Anzali,IR,37.4727,49.4622,53.71,68,27,2.37,scattered clouds
341,Imeni Poliny Osipenko,RU,52.4201,136.4853,-5.78,99,10,3.62,clear sky
342,Pangkalanbuun,ID,-2.6833,111.6167,75.4,92,72,0.49,broken clouds
343,Akyab,MM,20.15,92.9,76.96,67,9,6.91,clear sky
344,Flinders,AU,-34.5833,150.8552,62.2,87,100,3.0,overcast clouds
345,Mina,MX,26.0011,-100.5299,83.1,52,30,1.19,scattered clouds
346,Bayangol,RU,50.6977,103.4656,-2.63,93,91,2.82,overcast clouds
347,Kloulklubed,PW,7.0419,134.2556,81.1,72,100,14.76,overcast clouds
348,Ladario,BR,-19.0047,-57.6017,88.88,56,95,2.44,overcast clouds
349,Noumea,NC,-22.2763,166.4572,77.0,99,87,8.37,overcast clouds
350,Beloha,MG,-25.1667,45.05,69.82,67,46,13.09,scattered clouds
351,Houma,US,29.5958,-90.7195,77.0,81,40,9.22,scattered clouds
352,Hasaki,JP,35.7333,140.8333,55.8,71,100,22.79,light rain
353,Ostrovnoy,RU,68.0531,39.5131,28.98,83,100,30.47,light snow
354,Kismayo,SO,-0.3582,42.5454,80.53,80,60,10.47,broken clouds
355,Saint George,US,37.1041,-113.5841,54.25,37,1,1.01,clear sky
356,Rio Grande,BR,-32.035,-52.0986,93.31,48,0,2.01,clear sky
357,Kedougou,SN,12.5579,-12.1743,98.35,12,13,6.22,few clouds
358,Hamilton,US,39.1834,-84.5333,44.37,95,100,1.99,light rain
359,Santa Maria Del Oro,MX,25.9333,-105.3667,67.12,36,91,1.41,overcast clouds
360,Pemagatsel,BT,27.0319,91.4266,49.24,84,48,3.18,scattered clouds
361,Esso,RU,55.9333,158.7,19.29,94,100,2.44,overcast clouds
362,Tilichiki,RU,60.4667,166.1,-1.66,97,30,11.56,scattered clouds
363,Oranjemund,NA,-28.55,16.4333,65.64,66,51,13.96,broken clouds
364,Yala,TH,6.3333,101.25,74.46,96,75,1.83,broken clouds
365,Ornskoldsvik,SE,63.2909,18.7153,21.02,86,10,5.75,clear sky
366,Vitim,RU,59.4511,112.5578,-13.61,100,87,1.95,overcast clouds
367,Sinegorsk,RU,47.1667,142.5,16.07,93,21,1.1,few clouds
368,Celestun,MX,20.8667,-90.4,83.1,65,19,7.4,few clouds
369,Aksu,CN,41.1231,80.2644,29.61,39,0,1.28,clear sky
370,Mehamn,NO,71.0357,27.8492,25.34,57,100,4.76,light snow
371,Coahuayana,MX,18.7333,-103.6833,90.88,41,1,2.51,clear sky
372,Druzhba,UA,52.0428,33.9453,44.24,80,100,18.61,overcast clouds
373,Taltal,CL,-25.4,-70.4833,69.22,60,77,9.08,broken clouds
374,Tailai,CN,46.3833,123.4,16.66,92,100,15.52,light snow
375,Vila Franca Do Campo,PT,37.7167,-25.4333,63.19,89,100,9.46,overcast clouds
376,Krasnyy Kholm,RU,58.0607,37.1203,27.28,94,90,7.34,overcast clouds
377,Suntar,RU,62.1444,117.6319,-15.77,100,99,1.77,overcast clouds
378,Remontnoye,RU,46.5614,43.6501,43.21,64,26,17.05,scattered clouds
379,La Rinconada,ES,37.4873,-5.9826,65.43,74,20,2.3,few clouds
380,Petropavlovsk-Kamchatskiy,RU,53.0452,158.6483,29.8,85,97,11.56,light snow
381,Port-Gentil,GA,-0.7193,8.7815,80.08,79,100,10.42,overcast clouds
382,East Wenatchee Bench,US,47.4257,-120.2812,37.35,82,90,0.0,overcast clouds
383,Richards Bay,ZA,-28.783,32.0377,70.5,77,98,12.1,overcast clouds
384,Eydhafushi,MV,5.1033,73.0708,81.99,73,100,13.27,overcast clouds
385,Kassala,SD,15.451,36.4,82.74,17,4,8.99,clear sky
386,Ponta Delgada,PT,37.7333,-25.6667,63.5,88,20,11.5,few clouds
387,Salinas,US,36.6777,-121.6555,62.8,69,1,19.57,clear sky
388,Los Llanos De Aridane,ES,28.6585,-17.9182,67.75,95,75,3.0,volcanic ash
389,Mackay,AU,-21.15,149.2,74.05,76,22,10.27,few clouds
390,Hualmay,PE,-11.0964,-77.6139,69.76,73,99,9.26,overcast clouds
391,Artyom,AZ,40.4723,50.333,44.74,75,5,1.48,clear sky
392,Baruun-Urt,MN,46.6806,113.2792,3.4,84,35,8.61,scattered clouds
393,Beringovskiy,RU,63.05,179.3167,0.52,99,98,11.81,overcast clouds
394,Chapais,CA,49.7834,-74.8492,31.78,74,18,8.57,few clouds
395,Kampot,KH,10.6167,104.1833,77.05,85,86,0.47,overcast clouds
396,Mount Isa,AU,-20.7333,139.5,80.37,47,3,8.05,light rain
397,Skjervoy,NO,70.0311,20.9714,26.6,57,100,21.59,light snow
398,Svetlogorsk,BY,52.6333,29.7333,45.81,79,100,17.27,overcast clouds
399,Kodinsk,RU,58.6881,99.1844,12.04,95,100,4.61,light snow
400,Port Blair,IN,11.6667,92.75,81.34,84,49,8.59,scattered clouds
401,Bandarbeyla,SO,9.4942,50.8122,78.1,70,4,11.86,clear sky
402,Artigas,UY,-30.4,-56.4667,93.69,19,0,9.01,clear sky
403,Adrar,MR,20.5022,-10.0711,90.39,17,95,3.18,overcast clouds
404,Avera,US,33.194,-82.5271,64.67,54,18,3.94,few clouds
405,Gilbues,BR,-9.8317,-45.3439,95.23,28,50,5.57,scattered clouds
406,Egvekinot,RU,66.3167,-179.1667,-9.26,90,19,10.4,few clouds
407,Yulara,AU,-25.2406,130.9889,75.07,26,81,17.11,broken clouds
408,Talaya,RU,61.3833,152.75,-10.08,100,100,3.85,overcast clouds
409,Comodoro Rivadavia,AR,-45.8667,-67.5,57.06,54,40,16.11,scattered clouds
410,Ambalavao,MG,-21.8333,46.9333,69.01,84,76,6.04,broken clouds
411,Karpogory,RU,64.0019,44.4451,15.4,98,96,1.95,overcast clouds
412,Soyo,AO,-6.1349,12.3689,80.1,79,100,8.03,overcast clouds
413,Dudinka,RU,69.4058,86.1778,-11.25,78,29,10.76,scattered clouds
414,Port Hardy,CA,50.6996,-127.4199,42.33,92,100,18.92,moderate rain
415,Xinqing,CN,48.2333,129.5,15.62,92,100,6.93,light snow
416,Hovd,MN,48.0056,91.6419,11.7,32,19,0.67,few clouds
417,Nanortalik,GL,60.1432,-45.2371,34.14,99,100,6.17,light rain
418,Buraydah,SA,26.326,43.975,70.25,34,23,4.92,few clouds
419,Guru Har Sahai,IN,30.7167,74.4167,64.36,21,0,4.54,clear sky
420,Sturgeon Falls,CA,46.3646,-79.9326,42.1,84,100,12.39,overcast clouds
421,Lahij,YE,13.1667,44.5833,77.05,54,89,7.0,overcast clouds
422,Tuy Hoa,VN,13.0833,109.3,75.45,92,27,3.71,scattered clouds
423,Baturaja,ID,-4.1333,104.1667,74.68,95,74,1.48,moderate rain
424,Shimoda,JP,34.6667,138.95,59.11,86,100,11.81,overcast clouds
425,Honiara,SB,-9.4333,159.95,76.48,84,26,2.37,scattered clouds
426,Deer Lake,CA,49.1667,-57.4316,37.27,58,99,7.29,overcast clouds
427,Krasnoselkup,RU,65.7,82.4667,6.01,94,100,18.63,light snow
428,Airai,TL,-8.9266,125.4092,62.31,93,99,1.25,overcast clouds
429,Tucupita,VE,9.0622,-62.051,83.21,81,95,3.24,overcast clouds
430,Diffa,NE,13.3154,12.6113,86.18,15,61,8.9,broken clouds
431,Kuala Terengganu,MY,5.3302,103.1408,78.75,84,69,3.44,broken clouds
432,Poum,NC,-20.2333,164.0167,76.1,77,4,3.94,clear sky
433,Turukhansk,RU,65.8167,87.9833,-6.66,83,99,17.43,overcast clouds
434,Mabaruma,GY,8.2,-59.7833,82.04,80,100,3.65,overcast clouds
435,Mantua,IT,45.1667,10.7833,49.82,93,99,4.0,overcast clouds
436,Gat,IL,31.61,34.7642,61.48,62,64,4.79,broken clouds
437,Sagone,FR,42.1155,8.6969,61.27,82,100,3.69,overcast clouds
438,Hervey Bay,AU,-25.2986,152.8535,76.03,77,98,5.01,light rain
439,Broome,US,42.2506,-75.833,48.02,61,1,3.0,clear sky
440,Galle,LK,6.0367,80.217,78.57,77,81,11.25,broken clouds
441,Irara,BR,-12.05,-38.7667,91.87,36,67,4.81,broken clouds
442,Sampit,ID,-2.5333,112.95,74.43,96,99,1.21,overcast clouds
443,San Quintin,MX,30.4833,-115.95,67.01,62,100,4.56,overcast clouds
444,Rongcheng,CN,30.634,117.8517,50.47,72,100,4.32,light rain
445,Saint Anthony,US,45.0205,-93.218,37.24,48,20,8.99,few clouds
446,Peterborough,GB,52.5736,-0.2478,42.85,83,12,15.84,few clouds
447,Tual,ID,-5.6667,132.75,82.78,74,98,1.7,light rain
448,Buchanan,LR,5.8808,-10.0467,85.96,77,39,9.46,light rain
449,Texarkana,US,33.4251,-94.0477,67.75,84,90,8.99,overcast clouds
450,Ossora,RU,59.2353,163.0719,23.4,91,100,18.07,snow
451,Sandpoint,US,48.2766,-116.5533,36.61,93,75,4.61,light rain
452,Makurdi,NG,7.7411,8.5121,89.96,37,84,2.24,broken clouds
453,Kargil,IN,34.5667,76.1,16.39,58,0,3.38,clear sky
454,Chitral,PK,35.8462,71.7858,44.28,38,1,6.87,clear sky
455,Kolondieba,ML,11.0882,-6.8926,95.05,12,1,6.31,clear sky
456,Grand Gaube,MU,-20.0064,57.6608,77.38,69,0,3.0,light rain
457,Axim,GH,4.8699,-2.2405,82.31,79,54,7.65,broken clouds
458,Otradnoye,RU,59.7775,30.8181,33.04,83,80,8.95,light snow
459,Mount Pleasant,US,32.7941,-79.8626,71.06,69,1,4.0,clear sky
460,Abu Zabad,SD,12.35,29.25,77.2,18,39,10.67,scattered clouds
461,Davila,PH,18.4726,120.5763,80.15,85,19,10.76,few clouds
462,Cerchezu,RO,43.8167,28.1,52.5,88,6,8.3,clear sky
463,North Platte,US,41.1239,-100.7654,48.09,49,1,8.99,clear sky
464,Fairbanks,US,64.8378,-147.7164,-18.4,72,1,0.0,light snow
465,Joshimath,IN,30.5667,79.5667,49.23,25,0,7.49,clear sky
466,Zhangye,CN,38.9342,100.4517,28.8,32,0,4.56,clear sky
467,Owase,JP,34.0667,136.2,58.21,88,76,2.37,broken clouds
468,Hofn,IS,64.2539,-15.2082,44.13,83,99,14.45,overcast clouds
469,Codrington,AU,-38.2667,141.9667,46.08,91,13,5.37,few clouds
470,Coihaique,CL,-45.5752,-72.0662,61.41,55,75,12.66,broken clouds
471,Trinidad,BO,-14.8333,-64.9,92.64,44,57,3.36,broken clouds
472,Isangel,VU,-19.55,169.2667,76.12,83,73,8.28,broken clouds
473,Kamaishi,JP,39.2667,141.8833,51.66,78,100,5.84,overcast clouds
474,Moshny,UA,49.5147,31.7476,48.58,62,70,13.15,broken clouds
475,Launceston,AU,-41.45,147.1667,53.15,87,75,6.91,broken clouds
476,Kargopol,RU,61.5071,38.9456,26.91,90,100,9.33,overcast clouds
477,Warmbad,NA,-28.45,18.7333,73.69,23,0,22.55,clear sky
478,Luoyang,CN,34.6836,112.4536,38.35,17,60,17.58,broken clouds
479,Mayahi,NE,13.9553,7.6712,89.17,13,5,7.23,clear sky
480,Lufkin,US,31.3382,-94.7291,69.84,89,90,4.61,overcast clouds
481,Potsdam,DE,52.3989,13.0657,49.44,94,100,5.21,overcast clouds
482,Howard Springs,AU,-12.497,131.047,80.51,94,97,4.05,overcast clouds
483,Catabola,AO,-12.15,17.2833,67.15,78,100,7.61,light rain
484,Ballina,AU,-28.8667,153.5667,69.98,97,100,7.85,light rain
485,Bilibino,RU,68.0546,166.4372,-18.38,85,1,2.77,clear sky
486,Sorland,NO,67.667,12.6934,28.47,51,100,11.68,light snow
487,Birin,NP,26.8865,88.0718,52.65,82,44,2.26,scattered clouds
488,Samarai,PG,-10.6167,150.6667,81.0,82,11,9.78,few clouds
489,Hay River,CA,60.8156,-115.7999,8.78,79,100,10.58,overcast clouds
490,Nador,MA,35.174,-2.9287,62.85,59,0,5.75,clear sky
491,Fallon,US,39.4735,-118.7774,39.92,64,1,3.44,clear sky
492,Doha,QA,25.2867,51.5333,77.31,70,0,11.3,clear sky
493,Karratha,AU,-20.7377,116.8463,76.01,60,100,5.19,overcast clouds
494,Moose Factory,CA,51.2585,-80.6094,33.57,70,100,12.17,overcast clouds
495,Bairiki,KI,1.3292,172.9752,78.8,83,20,8.05,few clouds
496,Lavras,BR,-21.2453,-44.9997,74.28,69,90,6.02,overcast clouds
497,Acapulco,MX,16.8634,-99.8901,87.62,66,1,2.3,clear sky
498,Balaipungut,ID,1.05,101.2833,74.59,97,100,7.4,overcast clouds
499,Bandiagara,ML,14.3501,-3.6104,93.78,10,1,10.89,clear sky
500,Rafaela,AR,-31.2503,-61.4867,97.05,16,0,5.01,clear sky
501,Loncoche,CL,-39.3667,-72.6333,70.48,36,78,4.85,broken clouds
502,Ferkessedougou,CI,9.6,-5.2,93.29,17,0,3.53,clear sky
503,Galdar,ES,28.147,-15.6502,70.7,63,71,2.08,broken clouds
504,Paita,PE,-5.0892,-81.1144,73.96,67,29,12.03,scattered clouds
505,Ternate,ID,0.8,127.4,81.59,79,67,4.47,broken clouds
506,Fortuna Foothills,US,32.6578,-114.4119,73.45,23,1,3.0,clear sky
507,Kruisfontein,ZA,-34.0033,24.7314,68.88,83,98,19.06,light rain
508,Gimli,CA,50.6336,-96.9907,16.43,85,78,22.17,broken clouds
509,Zabol,AF,32.25,67.25,42.19,37,0,8.01,clear sky
510,Kemi,FI,65.8596,24.8228,17.37,86,0,6.91,clear sky
511,Maceio,BR,-9.6658,-35.7353,90.84,55,40,8.05,scattered clouds
512,Chake Chake,TZ,-5.2459,39.7666,76.93,78,54,7.87,broken clouds
513,Yatou,CN,37.15,122.3833,40.24,48,42,20.65,scattered clouds
514,Mamallapuram,IN,12.6264,80.1722,82.06,78,33,2.08,scattered clouds
515,Tezu,IN,27.9167,96.1667,68.32,57,98,3.56,overcast clouds
516,Conde,BR,-7.2597,-34.9075,87.26,55,20,11.5,few clouds
517,Hefei,CN,31.8639,117.2808,48.67,43,100,14.79,overcast clouds
518,Tahoua,NE,14.8888,5.2692,89.64,13,0,7.09,clear sky
519,Kaeo,NZ,-35.1,173.7833,66.33,96,100,3.74,moderate rain
520,Sabla,NG,12.7525,4.7077,89.56,14,0,6.64,clear sky
521,Vagur,FO,61.4732,-6.8119,44.51,70,100,23.26,overcast clouds
522,Kaspiyskiy,RU,45.3929,47.3707,45.16,57,3,11.72,clear sky
523,Nyurba,RU,63.2842,118.3319,-21.62,100,100,2.3,overcast clouds
524,Merrill,US,45.1805,-89.6835,38.97,76,90,21.85,overcast clouds
525,Aasiaat,GL,68.7098,-52.8699,16.25,82,100,5.48,overcast clouds
526,Worland,US,44.0169,-107.9554,39.56,80,1,0.0,clear sky
527,Dubbo,AU,-32.25,148.6167,57.33,88,100,12.66,moderate rain
528,Lucea,JM,18.451,-78.1736,83.86,68,77,8.68,broken clouds
529,Margate,GB,51.3813,1.3862,44.87,67,38,26.35,scattered clouds
530,Hailar,CN,49.2,119.7,13.55,95,100,8.12,overcast clouds
531,Raudeberg,NO,61.9875,5.1352,38.86,80,99,1.01,overcast clouds
532,Lata,PT,40.1629,-8.3327,60.08,74,17,5.26,few clouds
533,Verkhnetulomskiy,RU,68.6073,31.7962,23.13,87,81,6.42,broken clouds
534,Saint-Joseph,RE,-21.3667,55.6167,75.58,76,27,6.69,scattered clouds
535,Ulladulla,AU,-35.35,150.4667,56.88,83,99,7.11,overcast clouds
536,Shuangyang,CN,43.5242,125.6736,23.47,95,100,8.16,light snow
537,Ibadan,NG,7.3878,3.8964,84.22,58,63,1.43,broken clouds
538,George,ZA,-33.963,22.4617,64.98,89,86,14.47,overcast clouds
539,Vung Tau,VN,10.346,107.0843,80.8,83,26,17.54,scattered clouds
540,Lengshuijiang,CN,27.6881,111.4294,45.7,82,100,6.31,overcast clouds
541,Eyl,SO,7.9803,49.8164,78.33,70,4,13.96,clear sky
542,Bizhbulyak,RU,53.6967,54.2642,25.9,93,100,16.51,overcast clouds
543,Nola,IT,40.922,14.5329,59.7,80,67,2.77,broken clouds
544,Strezhevoy,RU,60.7333,77.5889,17.58,90,100,11.27,overcast clouds
545,Puerto El Triunfo,SV,13.2833,-88.55,94.12,50,3,0.96,clear sky
546,Atchison,US,39.563,-95.1216,54.32,61,91,14.72,overcast clouds
547,Nome,US,64.5011,-165.4064,-7.53,84,1,0.0,clear sky
548,Tharad,IN,24.3961,71.6267,81.18,53,32,6.98,scattered clouds
549,Olga,RU,43.7444,135.2892,36.91,98,100,5.93,overcast clouds
550,Rio Cauto,CU,20.5603,-76.9161,88.86,54,70,5.3,broken clouds
551,Tessalit,ML,20.1986,1.0114,81.36,20,78,15.17,broken clouds
552,Pacific Grove,US,36.6177,-121.9166,62.38,70,1,5.01,clear sky
553,Meadville,US,41.6414,-80.1515,44.58,85,90,3.0,light rain
554,Semporna,MY,4.4818,118.6112,79.99,79,37,0.36,scattered clouds
555,Olden,NO,61.8364,6.8064,37.17,97,98,3.18,light rain
556,Pestisani,RO,45.0667,23.0333,45.82,80,0,1.86,clear sky
557,Pathein,MM,16.7833,94.7333,75.24,85,37,4.41,scattered clouds
558,Lauenburg,DE,53.372,10.5565,44.37,96,58,5.26,broken clouds
559,Belyy Yar,RU,53.6039,91.3903,13.89,71,89,0.0,smoke
560,Safranbolu,TR,41.2508,32.6942,46.08,72,40,2.01,scattered clouds
561,Healdsburg,US,38.6105,-122.8692,59.58,87,1,4.61,clear sky
562,Bocana De Paiwas,NI,12.7857,-85.1227,79.9,74,22,12.59,few clouds
563,Santa Marta,CO,11.2408,-74.199,94.33,70,98,10.69,overcast clouds
564,Tambo,PE,-14.8,-73.9167,51.42,38,70,6.64,broken clouds
565,Dayong,CN,25.0209,118.2898,65.44,90,6,0.58,clear sky
566,Peace River,CA,56.2501,-117.286,17.65,98,100,3.0,overcast clouds
567,Misratah,LY,32.3754,15.0925,68.47,56,65,6.11,broken clouds
568,Grafenau,DE,48.8577,13.3974,38.91,86,8,1.34,clear sky
569,Fuling,CN,29.7022,107.3919,49.66,96,100,2.95,overcast clouds
570,Cayenne,GF,4.9333,-52.3333,87.84,79,75,7.0,broken clouds
571,Parana,AR,-31.732,-60.5238,94.57,19,0,10.09,clear sky
572,Derzhavinsk,KZ,51.1,66.3167,26.19,95,99,22.19,snow
573,Cap-Aux-Meules,CA,47.3821,-61.8597,41.0,71,100,20.22,overcast clouds
574,Uncia,BO,-18.467,-66.5685,62.87,26,68,11.79,broken clouds
575,Samarkand,UZ,39.6542,66.9597,40.42,65,98,0.0,overcast clouds
576,Guerrero Negro,MX,27.9769,-114.0611,66.49,72,100,4.32,overcast clouds
577,Kurchum,KZ,48.5722,83.6542,18.14,61,21,7.43,few clouds
578,Vao,NC,-22.6667,167.4833,73.62,83,16,24.0,few clouds
579,Sambava,MG,-14.2667,50.1667,76.59,74,14,2.24,few clouds
580,Catamarca,AR,-28.4696,-65.7852,97.77,33,40,4.0,scattered clouds
581,Danielskuil,ZA,-28.1887,23.5395,71.76,49,48,22.26,scattered clouds
582,Rio Gallegos,AR,-51.6226,-69.2181,50.05,27,75,23.02,broken clouds
583,Kendari,ID,-3.945,122.4989,76.46,90,98,2.93,overcast clouds
584,Lagoa,PT,39.05,-27.9833,62.24,89,100,35.46,overcast clouds
585,Roald,NO,62.5833,6.1333,37.54,87,40,1.14,scattered clouds
586,Menongue,AO,-14.6585,17.691,74.14,53,79,4.99,light rain
587,Makkaveyevo,RU,51.7533,113.9454,-5.08,99,17,3.0,few clouds
588,Saint-Georges,GD,12.0564,-61.7485,85.68,66,20,23.02,few clouds
589,Aldan,RU,58.6031,125.3894,-20.04,94,96,2.66,overcast clouds
590,Ozernovskiy,RU,51.5,156.5167,37.35,86,100,1.79,overcast clouds
591,Kallidaikurichchi,IN,8.6667,77.4833,79.9,83,77,6.24,broken clouds
592,Rensvik,NO,63.1,7.8167,34.07,93,75,4.61,light rain
593,Lobva,RU,59.1854,60.5185,25.66,97,100,4.32,light snow
594,Dezhou,CN,37.4486,116.2925,34.03,35,0,16.62,clear sky
595,Great Yarmouth,GB,52.6083,1.7305,44.85,66,32,22.79,scattered clouds
596,Uarini,BR,-2.99,-65.1083,84.13,76,97,3.0,overcast clouds
597,Cedar Falls,US,42.5278,-92.4455,52.12,55,1,7.0,clear sky
598,Cascais,PT,38.6979,-9.4215,62.47,75,20,8.01,few clouds
599,Troitskoye,RU,52.9821,84.6757,16.29,86,100,4.14,overcast clouds
600,Black River,JM,18.0264,-77.8487,83.98,56,100,3.91,overcast clouds
601,Walvis Bay,NA,-22.9575,14.5053,63.09,75,2,19.3,clear sky
602,Hearst,CA,49.6835,-83.6665,34.05,81,100,10.85,overcast clouds
603,Quillota,CL,-32.8833,-71.2667,59.59,40,2,8.66,clear sky
604,Sosva,RU,59.1766,61.8558,25.81,96,100,6.55,light snow
605,Lolodorf,CM,3.2333,10.7333,73.27,95,99,1.86,light rain
606,Sibolga,ID,1.7427,98.7792,76.44,88,100,3.24,light rain
607,Nakatsu,JP,33.5981,131.1883,58.17,88,100,2.93,light rain
608,Minsk,BY,53.9,27.5667,44.35,77,100,20.29,overcast clouds
609,Sault Sainte Marie,CA,46.5168,-84.3333,39.88,80,90,5.75,overcast clouds
610,Miles City,US,46.4083,-105.8406,32.5,74,1,6.91,clear sky
611,Middle Island,US,40.8843,-72.9373,55.08,61,90,1.99,overcast clouds
612,Aquiraz,BR,-3.9014,-38.3911,87.89,55,62,10.74,broken clouds
613,Sao Benedito Do Rio Preto,BR,-3.3336,-43.5283,100.31,28,56,5.14,broken clouds
614,Santiago De Cao,PE,-7.9589,-79.2392,66.33,77,75,10.36,broken clouds
615,Lima,PE,-12.0432,-77.0282,70.9,75,90,6.91,overcast clouds
616,Carroll,US,39.5501,-77.0164,52.2,51,40,1.01,scattered clouds
617,Hun,LY,29.1268,15.9477,65.28,44,59,6.06,broken clouds
618,Marsa Matruh,EG,31.3525,27.2453,65.66,69,85,11.21,overcast clouds
619,Urayasu,JP,35.6706,139.8886,56.16,91,75,12.66,light intensity shower rain
620,Nantucket,US,41.2835,-70.0995,53.74,82,100,15.88,overcast clouds
621,Gondanglegi,ID,-7.7479,112.0132,77.56,87,100,1.52,overcast clouds
622,Mwanza,TZ,-2.5167,32.9,76.19,62,94,9.31,overcast clouds
623,Sumenep,ID,-7.0167,113.8667,80.85,80,99,1.68,overcast clouds
624,Bria,CF,6.5423,21.9863,77.09,44,99,2.93,overcast clouds
625,Svetlaya,RU,46.5389,138.3297,32.31,75,100,7.11,light snow
626,Ha Giang,VN,22.8333,104.9833,71.56,98,51,1.07,broken clouds
627,Pizarro,CO,4.9533,-77.366,80.65,77,82,5.7,light rain
628,Khudumelapye,BW,-23.8833,24.75,73.99,55,49,9.82,scattered clouds
629,Sanming,CN,26.2486,117.6186,61.39,96,100,3.47,overcast clouds
630,Jalu,LY,29.0331,21.5482,65.1,52,5,6.55,clear sky
631,Laguna,US,38.421,-121.4238,61.09,91,1,1.01,clear sky
632,San Cristobal,VE,7.7669,-72.225,75.38,53,89,5.01,overcast clouds
633,Yuksekova,TR,37.5736,44.2872,34.43,84,16,2.42,few clouds
634,Pecanha,BR,-18.5486,-42.5569,63.82,99,100,3.91,overcast clouds
635,Jumla,NP,29.2747,82.1838,41.95,48,0,4.12,clear sky
636,Kologriv,RU,58.8275,44.3178,26.67,93,100,8.1,overcast clouds
637,Butembo,CD,0.15,29.2833,59.04,97,86,3.15,moderate rain
638,Tsumeb,NA,-19.2333,17.7167,88.3,13,74,14.97,broken clouds
639,Coruripe,BR,-10.1256,-36.1756,85.87,55,40,13.76,scattered clouds
640,Omboue,GA,-1.5746,9.2618,78.6,80,99,4.47,overcast clouds
641,Kalispell,US,48.1958,-114.3129,38.16,78,90,6.91,overcast clouds
642,Nioro,GM,13.35,-15.75,100.89,11,6,4.81,clear sky
643,Malanje,AO,-9.5402,16.341,67.14,91,69,5.01,light rain
644,Yauco,PR,18.035,-66.8499,88.2,65,39,5.99,scattered clouds
645,South Venice,US,27.0531,-82.4243,80.98,78,90,14.97,overcast clouds
646,Fram,PY,-26.9833,-55.8833,88.39,34,6,2.89,clear sky
647,Arona,ES,28.0996,-16.681,67.82,67,20,17.27,few clouds
648,Sorong,ID,-0.8833,131.25,81.82,77,97,8.25,overcast clouds
649,Olinda,BR,-8.0089,-34.8553,85.73,62,20,10.36,few clouds
650,Melville,US,40.7934,-73.4151,55.08,54,90,1.01,overcast clouds
651,Alpena,US,45.0617,-83.4327,39.52,85,90,5.01,overcast clouds
652,Hercegszanto,HU,45.95,18.9392,42.73,73,23,4.83,few clouds
653,Fare,PF,-16.7,-151.0167,78.93,67,46,11.27,scattered clouds
654,Naze,JP,28.3667,129.4833,69.87,83,98,10.67,overcast clouds
655,Manyana,BW,-23.4,21.7167,76.41,54,71,16.22,light rain
656,Tagusao,PH,9.1924,117.8141,80.13,81,45,2.95,scattered clouds
657,Gairo,IT,39.8497,9.5047,46.17,89,100,2.46,moderate rain
658,Sladkovo,RU,55.5284,70.3385,19.85,86,100,13.65,overcast clouds
659,Amnat Charoen,TH,15.9167,104.75,74.88,77,11,7.47,few clouds
660,Gwadar,PK,25.1216,62.3254,76.46,38,5,8.25,clear sky
661,Cutervo,PE,-6.379,-78.8157,62.1,67,86,5.93,light rain
662,Kirakira,SB,-10.4544,161.9205,79.92,81,9,5.08,clear sky
663,Asyut,EG,27.181,31.1837,65.32,43,0,5.66,clear sky
664,Gravdal,NO,68.1214,13.5031,28.29,93,90,8.05,shower snow
665,Corinto,GR,37.9407,22.9573,61.68,73,0,3.27,clear sky
666,Palauig,PH,15.435,119.9045,80.65,78,52,2.73,broken clouds
667,Tupik,RU,54.4253,119.9327,6.89,91,100,3.11,overcast clouds
668,Baykit,RU,61.67,96.37,3.09,98,100,3.27,light snow
669,Kyabe,TD,9.4515,18.9449,85.91,19,47,5.3,scattered clouds
670,Sao Jose Da Coroa Grande,BR,-8.8978,-35.1478,83.66,62,46,10.25,scattered clouds
671,Pangody,RU,65.85,74.4859,14.32,94,100,14.07,overcast clouds
672,Sur,OM,22.5667,59.5289,75.96,50,38,10.56,scattered clouds
673,Banda Aceh,ID,5.5577,95.3222,78.44,83,79,8.59,broken clouds
674,Neryungri,RU,56.6709,124.6491,-22.0,99,83,1.92,broken clouds
675,Darab,IR,28.7519,54.5444,64.49,46,25,2.04,scattered clouds
